HUGO	Label	UNIPROT_KB_ID
AADACL2	LABEL	Q6P093
AADAT	LABEL	Q8N5Z0
AARS	LABEL	P49588
AARS2	LABEL	Q5JTZ9
AASS	LABEL	Q9UDR5
ABAT	LABEL	P80404
ABCA1	LABEL	O95477
ABCB1	LABEL	P08183
ABCB11	LABEL	O95342
ABCB4	LABEL	P21439
ABCC1	LABEL	P33527
ABCC2	LABEL	Q92887
ABCC8	LABEL	Q09428
ABCC9	LABEL	O60706
ABCG1	LABEL	P45844
ABCG2	LABEL	Q9UNQ0
ABHD6	LABEL	Q9BV23
ABL1	LABEL	P00519
ABL2	LABEL	P42684
ACAA2	LABEL	P42765
ACACA	LABEL	Q13085
ACACB	LABEL	O00763
ACAD8	LABEL	Q9UKU7
ACADM	LABEL	P11310
ACADS	LABEL	P16219
ACADSB	LABEL	P45954
ACAN	LABEL	P16112
ACAT1	LABEL	P24752
ACAT2	LABEL	Q9BWD1
ACE	LABEL	P12821
ACE2	LABEL	Q9BYF1
ACHE	LABEL	P22303
ACKR3	LABEL	P25106
ACLY	LABEL	P53396
ACO2	LABEL	Q99798
ACOX1	LABEL	Q15067
ACP1	LABEL	P24666
ACSL1	LABEL	P33121
ACSL3	LABEL	O95573
ACSL4	LABEL	O60488
ACSS1	LABEL	Q9NUB1
ACSS2	LABEL	Q9NR19
ACTA1	LABEL	P68133
ACTB	LABEL	P60709
ACTR2	LABEL	P61160
ACTR3	LABEL	P61158
ACVR1	LABEL	Q04771
ACVR1B	LABEL	P36896
ACVR1C	LABEL	Q8NER5
ACVRL1	LABEL	P37023
ACY1	LABEL	Q03154
ACY3	LABEL	Q96HD9
ADA	LABEL	P00813
ADAM17	LABEL	P78536
ADAM28	LABEL	Q9UKQ2
ADAMTS5	LABEL	Q9UNA0
ADCY1	LABEL	Q08828
ADCY2	LABEL	Q08462
ADCY5	LABEL	O95622
ADH1A	LABEL	P07327
ADH1B	LABEL	P00325
ADH1C	LABEL	P00326
ADH4	LABEL	P08319
ADH5	LABEL	P11766
ADH7	LABEL	P40394
ADIPOR1	LABEL	Q96A54
ADIPOR2	LABEL	Q86V24
ADK	LABEL	P55263
ADORA1	LABEL	P30542
ADORA2A	LABEL	P29274
ADORA2B	LABEL	P29275
ADORA3	LABEL	P0DMS8
ADRA1A	LABEL	P35348
ADRA1B	LABEL	P35368
ADRA1D	LABEL	P25100
ADRA2A	LABEL	P08913
ADRA2B	LABEL	P18089
ADRA2C	LABEL	P18825
ADRB1	LABEL	P08588
ADRB2	LABEL	P07550
ADRB3	LABEL	P13945
ADRBK1	LABEL	P25098
ADRBK2	LABEL	P35626
ADSS	LABEL	P30520
ADSSL1	LABEL	Q8N142
AFG3L2	LABEL	Q9Y4W6
AGER	LABEL	Q15109
AGTR1	LABEL	P30556
AGTR2	LABEL	P50052
AGXT	LABEL	P21549
AGXT2	LABEL	Q9BYV1
AHCY	LABEL	P23526
AHR	LABEL	P35869
AIFM1	LABEL	O95831
AKR1A1	LABEL	P14550
AKR1B1	LABEL	P15121
AKR1B10	LABEL	O60218
AKR1C1	LABEL	Q04828
AKR1C2	LABEL	P52895
AKR1C3	LABEL	P42330
AKR1C4	LABEL	P17516
AKR1D1	LABEL	P51857
AKT1	LABEL	P31749
AKT2	LABEL	P31751
AKT3	LABEL	Q9Y243
ALAD	LABEL	P13716
ALAS1	LABEL	P13196
ALAS2	LABEL	P22557
ALB	LABEL	P02768
ALDH18A1	LABEL	P54886
ALDH1A1	LABEL	P00352
ALDH1A2	LABEL	O94788
ALDH1A3	LABEL	P47895
ALDH1B1	LABEL	P30837
ALDH2	LABEL	P05091
ALDH3A1	LABEL	P30838
ALDH3A2	LABEL	P51648
ALDH3B1	LABEL	P43353
ALDH3B2	LABEL	P48448
ALDH4A1	LABEL	P30038
ALDH5A1	LABEL	P51649
ALDH6A1	LABEL	Q02252
ALDH7A1	LABEL	P49419
ALDH9A1	LABEL	P49189
ALK	LABEL	Q9UM73
ALOX12	LABEL	P18054
ALOX15B	LABEL	O15296
ALOX5	LABEL	P09917
ALOX5AP	LABEL	P20292
ALPL	LABEL	P05186
ALPPL2	LABEL	P10696
AMD1	LABEL	P17707
AMHR2	LABEL	Q16671
AMT	LABEL	P48728
AMY1A	LABEL	P0DUB6
AMY2A	LABEL	P04746
AMY2B	LABEL	P19961
ANG	LABEL	P03950
ANO1	LABEL	Q5XXA6
ANPEP	LABEL	P15144
ANXA1	LABEL	P04083
AOC1	LABEL	P19801
AOC3	LABEL	Q16853
AOX1	LABEL	Q06278
APAF1	LABEL	O14727
APC	LABEL	P25054
APEX1	LABEL	P27695
APH1A	LABEL	Q96BI3
APH1B	LABEL	Q8WW43
APP	LABEL	P05067
APRT	LABEL	P07741
AQP1	LABEL	P29972
AQP9	LABEL	O43315
AR	LABEL	P10275
ARAF	LABEL	P10398
ARF1	LABEL	P84077
ARG1	LABEL	P05089
ARG2	LABEL	P78540
ARPC1B	LABEL	O15143
ARPC2	LABEL	O15144
ARPC3	LABEL	O15145
ARPC4	LABEL	P59998
ARPC5	LABEL	O15511
ASIC1	LABEL	P78348
ASIC2	LABEL	Q16515
ASIC3	LABEL	Q9UHC3
ASL	LABEL	P04424
ASMT	LABEL	P46597
ASNA1	LABEL	O43681
ASNS	LABEL	P08243
ASPA	LABEL	P45381
ASPH	LABEL	Q12797
ASRGL1	LABEL	Q7L266
ASS1	LABEL	P00966
ATF1	LABEL	P18846
ATF2	LABEL	P15336
ATF3	LABEL	P18847
ATF4	LABEL	P18848
ATF5	LABEL	Q9Y2D1
ATF6	LABEL	P18850
ATF7	LABEL	P17544
ATIC	LABEL	P31939
ATM	LABEL	Q13315
ATOX1	LABEL	O00244
ATP1A1	LABEL	P05023
ATP1A2	LABEL	P50993
ATP1A3	LABEL	P13637
ATP1A4	LABEL	Q13733
ATP1B1	LABEL	P05026
ATP1B2	LABEL	P14415
ATP1B3	LABEL	P54709
ATP2A1	LABEL	O14983
ATP2A2	LABEL	P16615
ATP2C1	LABEL	P98194
ATP4A	LABEL	P20648
ATP4B	LABEL	P51164
ATP5A1	LABEL	P25705
ATP5B	LABEL	P06576
ATP5C1	LABEL	P36542
ATP5D	LABEL	P30049
ATP5F1	LABEL	P24539
ATP6V1A	LABEL	P38606
ATR	LABEL	Q13535
AURKA	LABEL	O14965
AURKB	LABEL	Q96GD4
AURKC	LABEL	Q9UQB9
AVPR1A	LABEL	P37288
AVPR1B	LABEL	P47901
AVPR2	LABEL	P30518
AXIN1	LABEL	O15169
AXL	LABEL	P30530
AZIN2	LABEL	Q96A70
B2M	LABEL	P61769
B4GALT1	LABEL	P15291
B4GALT2	LABEL	O60909
B4GALT3	LABEL	O60512
B4GALT4	LABEL	O60513
BAAT	LABEL	Q14032
BACE1	LABEL	P56817
BAX	LABEL	Q07812
BAZ2A	LABEL	Q9UIF9
BAZ2B	LABEL	Q9UIF8
BBOX1	LABEL	O75936
BCAT1	LABEL	P54687
BCAT2	LABEL	O15382
BCHE	LABEL	P06276
BCL2	LABEL	P10415
BCL2L1	LABEL	Q07817
BCL2L2	LABEL	Q92843
BCR	LABEL	P11274
BDH1	LABEL	Q02338
BDKRB1	LABEL	P46663
BDKRB2	LABEL	P30411
BGLAP	LABEL	P02818
BHMT	LABEL	Q93088
BHMT2	LABEL	Q9H2M3
BIRC2	LABEL	Q13490
BIRC3	LABEL	Q13489
BIRC5	LABEL	O15392
BIRC7	LABEL	Q96CA5
BLK	LABEL	P51451
BLVRA	LABEL	P53004
BLVRB	LABEL	P30043
BMP1	LABEL	P13497
BMP2	LABEL	P12643
BMPR1A	LABEL	P36894
BMPR1B	LABEL	O00238
BMX	LABEL	P51813
BRAF	LABEL	P15056
BRD1	LABEL	O95696
BRD2	LABEL	P25440
BRD3	LABEL	Q15059
BRD4	LABEL	O60885
BRD9	LABEL	Q9H8M2
BRDT	LABEL	Q58F21
BRPF1	LABEL	P55201
BRPF3	LABEL	Q9ULD4
BRS3	LABEL	P32247
BST1	LABEL	Q10588
BTK	LABEL	Q06187
BTRC	LABEL	Q9Y297
C1QBP	LABEL	Q07021
C1R	LABEL	P00736
C22orf28	LABEL	Q9Y3I0
C5AR1	LABEL	P21730
C8G	LABEL	P07360
CA1	LABEL	P00915
CA10	LABEL	Q9NS85
CA11	LABEL	O75493
CA12	LABEL	O43570
CA13	LABEL	Q8N1Q1
CA14	LABEL	Q9ULX7
CA2	LABEL	P00918
CA3	LABEL	P07451
CA4	LABEL	P22748
CA5A	LABEL	P35218
CA5B	LABEL	Q9Y2D0
CA6	LABEL	P23280
CA7	LABEL	P43166
CA8	LABEL	P35219
CA9	LABEL	Q16790
CACNA1A	LABEL	O00555
CACNA1B	LABEL	Q00975
CACNA1C	LABEL	Q13936
CACNA1D	LABEL	Q01668
CACNA1E	LABEL	Q15878
CACNA1F	LABEL	O60840
CACNA1G	LABEL	O43497
CACNA1H	LABEL	O95180
CACNA1I	LABEL	Q9P0X4
CACNA1S	LABEL	Q13698
CACNA2D1	LABEL	P54289
CACNA2D2	LABEL	Q9NY47
CACNA2D3	LABEL	Q8IZS8
CACNA2D4	LABEL	Q7Z3S7
CACNB1	LABEL	Q02641
CACNB2	LABEL	Q08289
CACNB3	LABEL	P54284
CACNB4	LABEL	O00305
CACNG1	LABEL	Q06432
CACNG2	LABEL	Q9Y698
CACNG3	LABEL	O60359
CACNG4	LABEL	Q9UBN1
CACNG5	LABEL	Q9UF02
CACNG6	LABEL	Q9BXT2
CACNG7	LABEL	P62955
CACNG8	LABEL	Q8WXS5
CAD	LABEL	P27708
CALCA	LABEL	P06881
CALCR	LABEL	P30988
CALCRL	LABEL	Q16602
CALM1	LABEL	P0DP23
CALR	LABEL	P27797
CALY	LABEL	Q9NYX4
CAMK1D	LABEL	Q8IU85
CAMK2A	LABEL	Q9UQM7
CAMK2G	LABEL	Q13555
CAMK4	LABEL	Q16566
CAMLG	LABEL	P49069
CANT1	LABEL	Q8WVQ1
CARM1	LABEL	Q86X55
CARS	LABEL	P49589
CARS2	LABEL	Q9HA77
CASP1	LABEL	P29466
CASP3	LABEL	P42574
CASP7	LABEL	P55210
CASP8	LABEL	Q14790
CASR	LABEL	P41180
CAT	LABEL	P04040
CATSPER1	LABEL	Q8NEC5
CATSPER2	LABEL	Q96P56
CATSPER3	LABEL	Q86XQ3
CATSPER4	LABEL	Q7RTX7
CBFB	LABEL	Q13951
CBR1	LABEL	P16152
CBS	LABEL	P35520
CCBL1	LABEL	Q16773
CCBL2	LABEL	Q6YP21
CCKAR	LABEL	P32238
CCKBR	LABEL	P32239
CCL2	LABEL	P13500
CCL7	LABEL	P80098
CCL8	LABEL	P80075
CCNA2	LABEL	P20248
CCNB1	LABEL	P14635
CCND1	LABEL	P24385
CCNE1	LABEL	P24864
CCR1	LABEL	P32246
CCR2	LABEL	P41597
CCR3	LABEL	P51677
CCR4	LABEL	P51679
CCR5	LABEL	P51681
CCR9	LABEL	P51686
CD274	LABEL	Q9NZQ7
CD38	LABEL	P28907
CD44	LABEL	P16070
CD55	LABEL	P08174
CDA	LABEL	P32320
CDC25A	LABEL	P30304
CDC25B	LABEL	P30305
CDC25C	LABEL	P30307
CDC42	LABEL	P60953
CDC42BPA	LABEL	Q5VT25
CDC7	LABEL	O00311
CDH2	LABEL	P19022
CDH5	LABEL	P33151
CDIPT	LABEL	O14735
CDK1	LABEL	P06493
CDK15	LABEL	Q96Q40
CDK2	LABEL	P24941
CDK3	LABEL	Q00526
CDK4	LABEL	P11802
CDK5	LABEL	Q00535
CDK5R1	LABEL	Q15078
CDK6	LABEL	Q00534
CDK7	LABEL	P50613
CDK8	LABEL	P49336
CDK9	LABEL	P50750
CDKL2	LABEL	Q92772
CDKN1A	LABEL	P38936
CDO1	LABEL	Q16878
CEL	LABEL	P19835
CELA1	LABEL	Q9UNI1
CENPE	LABEL	Q02224
CERK	LABEL	Q8TCT0
CERS1	LABEL	P27544
CES1	LABEL	P23141
CES3	LABEL	Q6UWW8
CETP	LABEL	P11597
CFD	LABEL	P00746
CFTR	LABEL	P13569
CHAT	LABEL	P28329
CHD1	LABEL	O14646
CHEK1	LABEL	O14757
CHEK2	LABEL	O96017
CHRFAM7A	LABEL	Q494W8
CHRM1	LABEL	P11229
CHRM2	LABEL	P08172
CHRM3	LABEL	P20309
CHRM4	LABEL	P08173
CHRM5	LABEL	P08912
CHRNA1	LABEL	P02708
CHRNA10	LABEL	Q9GZZ6
CHRNA2	LABEL	Q15822
CHRNA3	LABEL	P32297
CHRNA4	LABEL	P43681
CHRNA5	LABEL	P30532
CHRNA6	LABEL	Q15825
CHRNA7	LABEL	P36544
CHRNA9	LABEL	Q9UGM1
CHRNB1	LABEL	P11230
CHRNB2	LABEL	P17787
CHRNB3	LABEL	Q05901
CHRNB4	LABEL	P30926
CHRND	LABEL	Q07001
CHRNE	LABEL	Q04844
CHRNG	LABEL	P07510
CHUK	LABEL	O15111
CKB	LABEL	P12277
CKM	LABEL	P06732
CKMT1A	LABEL	P12532
CKMT2	LABEL	P17540
CLCA1	LABEL	A8K7I4
CLCN1	LABEL	P35523
CLCN2	LABEL	P51788
CLCN3	LABEL	P51790
CLCN7	LABEL	P51798
CLCNKA	LABEL	P51800
CLCNKB	LABEL	P51801
CLK1	LABEL	P49759
CLK3	LABEL	P49761
CLK4	LABEL	Q9HAZ1
CMA1	LABEL	P23946
CMPK1	LABEL	P30085
CNGA3	LABEL	Q16281
CNR1	LABEL	P21554
CNR2	LABEL	P34972
COL1A1	LABEL	P02452
COMT	LABEL	P21964
COX4I1	LABEL	P13073
COX5A	LABEL	P20674
COX5B	LABEL	P10606
COX6A2	LABEL	Q02221
COX6B1	LABEL	P14854
COX6C	LABEL	P09669
COX7A1	LABEL	P24310
COX7B	LABEL	P24311
COX7C	LABEL	P15954
COX8A	LABEL	P10176
CPA1	LABEL	P15085
CPA2	LABEL	P48052
CPB1	LABEL	P15086
CPS1	LABEL	P31327
CPT1A	LABEL	P50416
CPT1B	LABEL	Q92523
CRAT	LABEL	P43155
CREB1	LABEL	P16220
CREBBP	LABEL	Q92793
CRH	LABEL	P06850
CRHR1	LABEL	P34998
CRHR2	LABEL	Q13324
CROT	LABEL	Q9UKG9
CRY1	LABEL	Q16526
CRY2	LABEL	Q49AN0
CRYZ	LABEL	Q08257
CS	LABEL	O75390
CSAD	LABEL	Q9Y600
CSF1	LABEL	P09603
CSF1R	LABEL	P07333
CSF2RB	LABEL	P32927
CSK	LABEL	P41240
CSNK1A1	LABEL	P48729
CSNK1D	LABEL	P48730
CSNK1E	LABEL	P49674
CSNK1G2	LABEL	P78368
CSNK1G3	LABEL	Q9Y6M4
CSNK2A1	LABEL	P68400
CSNK2A2	LABEL	P19784
CTDSP1	LABEL	Q9GZU7
CTH	LABEL	P32929
CTNNB1	LABEL	P35222
CTNS	LABEL	O60931
CTPS1	LABEL	P17812
CTSA	LABEL	P10619
CTSB	LABEL	P07858
CTSC	LABEL	P53634
CTSD	LABEL	P07339
CTSF	LABEL	Q9UBX1
CTSG	LABEL	P08311
CTSK	LABEL	P43235
CTSL	LABEL	P07711
CTSS	LABEL	P25774
CTSV	LABEL	O60911
CXCL2	LABEL	P19875
CXCL8	LABEL	P10145
CXCR1	LABEL	P25024
CXCR2	LABEL	P25025
CXCR3	LABEL	P49682
CXCR4	LABEL	P61073
CYB5R1	LABEL	Q9UHQ9
CYB5R3	LABEL	P00387
CYBA	LABEL	P13498
CYBB	LABEL	P04839
CYCS	LABEL	P99999
CYP11A1	LABEL	P05108
CYP11B1	LABEL	P15538
CYP11B2	LABEL	P19099
CYP17A1	LABEL	P05093
CYP19A1	LABEL	P11511
CYP1A1	LABEL	P04798
CYP1A2	LABEL	P05177
CYP1B1	LABEL	Q16678
CYP26A1	LABEL	O43174
CYP27B1	LABEL	O15528
CYP2A13	LABEL	Q16696
CYP2A6	LABEL	P11509
CYP2B6	LABEL	P20813
CYP2C18	LABEL	P33260
CYP2C19	LABEL	P33261
CYP2C8	LABEL	P10632
CYP2C9	LABEL	P11712
CYP2D6	LABEL	P10635
CYP2E1	LABEL	P05181
CYP2J2	LABEL	P51589
CYP3A4	LABEL	P08684
CYP3A43	LABEL	Q9HB55
CYP3A5	LABEL	P20815
CYP3A7	LABEL	P24462
CYP4A11	LABEL	Q02928
CYP51A1	LABEL	Q16850
CYP7A1	LABEL	P22680
CYSLTR1	LABEL	Q9Y271
CYSLTR2	LABEL	Q9NS75
CYTH2	LABEL	Q99418
DAGLA	LABEL	Q9Y4D2
DAGLB	LABEL	Q8NCG7
DAO	LABEL	P14920
DAPK3	LABEL	O43293
DARS	LABEL	P14868
DARS2	LABEL	Q6PI48
DBH	LABEL	P09172
DBI	LABEL	P07108
DCK	LABEL	P27707
DCLK2	LABEL	Q8N568
DCN	LABEL	P07585
DDAH1	LABEL	O94760
DDAH2	LABEL	O95865
DDC	LABEL	P20711
DDR1	LABEL	Q08345
DDR2	LABEL	Q16832
DGAT1	LABEL	O75907
DGAT2	LABEL	Q96PD7
DGKA	LABEL	P23743
DHCR7	LABEL	Q9UBM7
DHFR	LABEL	P00374
DHH	LABEL	O43323
DHODH	LABEL	Q02127
DHPS	LABEL	P49366
DHRS3	LABEL	O75911
DHRS4	LABEL	Q9BTZ2
DIO1	LABEL	P49895
DKK1	LABEL	O94907
DLAT	LABEL	P10515
DLD	LABEL	P09622
DLG4	LABEL	P78352
DMD	LABEL	P11532
DMPK	LABEL	Q09013
DNM1	LABEL	Q05193
DNM1L	LABEL	O00429
DNM2	LABEL	P50570
DNMT1	LABEL	P26358
DNMT3A	LABEL	Q9Y6K1
DNMT3B	LABEL	Q9UBC3
DNPEP	LABEL	Q9ULA0
DOT1L	LABEL	Q8TEK3
DPEP1	LABEL	P16444
DPP4	LABEL	P27487
DPP7	LABEL	Q9UHL4
DPYD	LABEL	Q12882
DRD1	LABEL	P21728
DRD2	LABEL	P14416
DRD3	LABEL	P35462
DRD4	LABEL	P21917
DRD5	LABEL	P21918
DYRK1A	LABEL	Q13627
DYRK1B	LABEL	Q9Y463
EARS2	LABEL	Q5JPH6
EBP	LABEL	Q15125
EDNRA	LABEL	P25101
EDNRB	LABEL	P24530
EED	LABEL	O75530
EEF2	LABEL	P13639
EGFR	LABEL	P00533
EGLN1	LABEL	Q9GZT9
EGLN2	LABEL	Q96KS0
EGLN3	LABEL	Q9H6Z9
EHHADH	LABEL	Q08426
EHMT1	LABEL	Q9H9B1
EHMT2	LABEL	Q96KQ7
EIF2A	LABEL	Q9BY44
EIF2AK3	LABEL	Q9NZJ5
EIF2AK4	LABEL	Q9P2K8
EIF2S1	LABEL	P05198
EIF4E	LABEL	P06730
EIF4G1	LABEL	Q04637
EIF5A	LABEL	P63241
ELANE	LABEL	P08246
ELN	LABEL	P15502
ELOVL4	LABEL	Q9GZR5
ENOX2	LABEL	Q16206
ENPEP	LABEL	Q07075
ENPP1	LABEL	P22413
ENPP2	LABEL	Q13822
ENTPD3	LABEL	O75355
EP300	LABEL	Q09472
EPAS1	LABEL	Q99814
EPHA1	LABEL	P21709
EPHA10	LABEL	Q5JZY3
EPHA2	LABEL	P29317
EPHA3	LABEL	P29320
EPHA4	LABEL	P54764
EPHA5	LABEL	P54756
EPHA6	LABEL	Q9UF33
EPHA7	LABEL	Q15375
EPHA8	LABEL	P29322
EPHB1	LABEL	P54762
EPHB2	LABEL	P29323
EPHB3	LABEL	P54753
EPHB4	LABEL	P54760
EPHB6	LABEL	O15197
EPHX2	LABEL	P34913
EPRS	LABEL	P07814
EPX	LABEL	P11678
ERBB2	LABEL	P04626
ERBB3	LABEL	P21860
ERBB4	LABEL	Q15303
ERN1	LABEL	O75460
ERO1A	LABEL	Q96HE7
ERO1LB	LABEL	Q86YB8
ESD	LABEL	P10768
ESR1	LABEL	P03372
ESR2	LABEL	Q92731
ESRRA	LABEL	P11474
ESRRB	LABEL	O95718
ESRRG	LABEL	P62508
EWSR1	LABEL	Q01844
EZH2	LABEL	Q15910
F10	LABEL	P00742
F12	LABEL	P00748
F2	LABEL	P00734
F2R	LABEL	P25116
F2RL1	LABEL	P55085
F7	LABEL	P08709
F9	LABEL	P00740
FAAH	LABEL	O00519
FAAH2	LABEL	Q6GMR7
FABP4	LABEL	P15090
FABP6	LABEL	P51161
FADS1	LABEL	O60427
FADS2	LABEL	O95864
FAH	LABEL	P16930
FASN	LABEL	P49327
FBP1	LABEL	P09467
FCGR1A	LABEL	P12314
FDFT1	LABEL	P37268
FDPS	LABEL	P14324
FDXR	LABEL	P22570
FECH	LABEL	P22830
FES	LABEL	P07332
FFAR1	LABEL	O14842
FFAR2	LABEL	O15552
FFAR3	LABEL	O14843
FFAR4	LABEL	Q5NUL3
FGF1	LABEL	P05230
FGFR1	LABEL	P11362
FGFR2	LABEL	P21802
FGFR3	LABEL	P22607
FGFR4	LABEL	P22455
FGR	LABEL	P09769
FKBP1A	LABEL	P62942
FLI1	LABEL	Q01543
FLNA	LABEL	P21333
FLT1	LABEL	P17948
FLT3	LABEL	P36888
FLT4	LABEL	P35916
FNTA	LABEL	P49354
FNTB	LABEL	P49356
FOLH1	LABEL	Q04609
FOLR2	LABEL	P14207
FOLR3	LABEL	P41439
FOS	LABEL	P01100
FOXM1	LABEL	Q08050
FPGS	LABEL	Q05932
FPR1	LABEL	P21462
FPR2	LABEL	P25090
FRK	LABEL	P42685
FSHR	LABEL	P23945
FTCD	LABEL	O95954
FURIN	LABEL	P09958
FXYD2	LABEL	P54710
FYN	LABEL	P06241
G6PD	LABEL	P11413
GAA	LABEL	P10253
GABBR1	LABEL	Q9UBS5
GABBR2	LABEL	O75899
GABRA1	LABEL	P14867
GABRA2	LABEL	P47869
GABRA3	LABEL	P34903
GABRA4	LABEL	P48169
GABRA5	LABEL	P31644
GABRA6	LABEL	Q16445
GABRB1	LABEL	P18505
GABRB2	LABEL	P47870
GABRB3	LABEL	P28472
GABRD	LABEL	O14764
GABRE	LABEL	P78334
GABRG1	LABEL	Q8N1C3
GABRG2	LABEL	P18507
GABRG3	LABEL	Q99928
GABRP	LABEL	O00591
GABRQ	LABEL	Q9UN88
GABRR1	LABEL	P24046
GABRR2	LABEL	P28476
GABRR3	LABEL	A8MPY1
GAD1	LABEL	Q99259
GAD2	LABEL	Q05329
GADL1	LABEL	Q6ZQY3
GAK	LABEL	O14976
GALE	LABEL	Q14376
GAMT	LABEL	Q14353
GANAB	LABEL	Q14697
GANC	LABEL	Q8TET4
GAPDH	LABEL	P04406
GAPDHS	LABEL	O14556
GARS	LABEL	P41250
GART	LABEL	P22102
GAST	LABEL	P01350
GATB	LABEL	O75879
GATM	LABEL	P50440
GBA	LABEL	P04062
GBF1	LABEL	Q92538
GCAT	LABEL	O75600
GCDH	LABEL	Q92947
GCGR	LABEL	P47871
GCK	LABEL	P35557
GCLC	LABEL	P48506
GCLM	LABEL	P48507
GCSH	LABEL	P23434
GFER	LABEL	P55789
GGCX	LABEL	P38435
GGPS1	LABEL	O95749
GGT1	LABEL	P19440
GHR	LABEL	P10912
GHRHR	LABEL	Q02643
GHSR	LABEL	Q92847
GJA1	LABEL	P17302
GJA10	LABEL	Q969M2
GJA3	LABEL	Q9Y6H8
GJA4	LABEL	P35212
GJA5	LABEL	P36382
GJA8	LABEL	P48165
GJA9	LABEL	P57773
GJB1	LABEL	P08034
GJB2	LABEL	P29033
GJB3	LABEL	O75712
GJB4	LABEL	Q9NTQ9
GJB5	LABEL	O95377
GJB6	LABEL	O95452
GJB7	LABEL	Q6PEY0
GJC1	LABEL	P36383
GJC2	LABEL	Q5T442
GJC3	LABEL	Q8NFK1
GJD2	LABEL	Q9UKL4
GJD3	LABEL	Q8N144
GJD4	LABEL	Q96KN9
GJE1	LABEL	A6NN92
GLB1	LABEL	P16278
GLDC	LABEL	P23378
GLI1	LABEL	P08151
GLI2	LABEL	P10070
GLO1	LABEL	Q04760
GLP1R	LABEL	P43220
GLRA1	LABEL	P23415
GLRA2	LABEL	P23416
GLRA3	LABEL	O75311
GLRB	LABEL	P48167
GLRX	LABEL	P35754
GLRX2	LABEL	Q9NS18
GLS	LABEL	O94925
GLS2	LABEL	Q9UI32
GLUD1	LABEL	P00367
GLUD2	LABEL	P49448
GLUL	LABEL	P15104
GLYAT	LABEL	Q6IB77
GLYATL1	LABEL	Q969I3
GLYATL2	LABEL	Q8WU03
GMPS	LABEL	P49915
GNMT	LABEL	Q14749
GNRH1	LABEL	P01148
GNRHR	LABEL	P30968
GNRHR2	LABEL	Q96P88
GOT1	LABEL	P17174
GOT2	LABEL	P00505
GP9	LABEL	P14770
GPBAR1	LABEL	Q8TDU6
GPD1	LABEL	P21695
GPER1	LABEL	Q99527
GPI	LABEL	P06744
GPR119	LABEL	Q8TDV5
GPR12	LABEL	P47775
GPR139	LABEL	Q6DWJ6
GPR143	LABEL	P51810
GPR17	LABEL	Q13304
GPR18	LABEL	Q14330
GPR35	LABEL	Q9HC97
GPR39	LABEL	O43194
GPR55	LABEL	Q9Y2T6
GPR84	LABEL	Q9NQS5
GPR97	LABEL	Q86Y34
GPRC5A	LABEL	Q8NFJ5
GPRC6A	LABEL	Q5T6X5
GPT	LABEL	P24298
GPT2	LABEL	Q8TD30
GPX1	LABEL	P07203
GPX2	LABEL	P18283
GPX3	LABEL	P22352
GPX4	LABEL	P36969
GPX5	LABEL	O75715
GPX6	LABEL	P59796
GPX7	LABEL	Q96SL4
GPX8	LABEL	Q8TED1
GRIA1	LABEL	P42261
GRIA2	LABEL	P42262
GRIA3	LABEL	P42263
GRIA4	LABEL	P48058
GRID1	LABEL	Q9ULK0
GRID2	LABEL	O43424
GRIK1	LABEL	P39086
GRIK2	LABEL	Q13002
GRIK3	LABEL	Q13003
GRIK4	LABEL	Q16099
GRIK5	LABEL	Q16478
GRIN1	LABEL	Q05586
GRIN2A	LABEL	Q12879
GRIN2B	LABEL	Q13224
GRIN2C	LABEL	Q14957
GRIN2D	LABEL	O15399
GRIN3A	LABEL	Q8TCU5
GRIN3B	LABEL	O60391
GRM1	LABEL	Q13255
GRM2	LABEL	Q14416
GRM3	LABEL	Q14832
GRM4	LABEL	Q14833
GRM5	LABEL	P41594
GRM6	LABEL	O15303
GRM7	LABEL	Q14831
GRM8	LABEL	O00222
GRPR	LABEL	P30550
GSG2	LABEL	Q8TF76
GSK3A	LABEL	P49840
GSK3B	LABEL	P49841
GSR	LABEL	P00390
GSS	LABEL	P48637
GSTA1	LABEL	P08263
GSTA2	LABEL	P09210
GSTA3	LABEL	Q16772
GSTA4	LABEL	O15217
GSTA5	LABEL	Q7RTV2
GSTK1	LABEL	Q9Y2Q3
GSTM1	LABEL	P09488
GSTM2	LABEL	P28161
GSTM3	LABEL	P21266
GSTM4	LABEL	Q03013
GSTM5	LABEL	P46439
GSTO1	LABEL	P78417
GSTO2	LABEL	Q9H4Y5
GSTP1	LABEL	P09211
GSTT1	LABEL	P30711
GSTZ1	LABEL	O43708
GUCY1A2	LABEL	P33402
GUCY1A3	LABEL	Q02108
GUCY1B2	LABEL	O75343
GUCY1B3	LABEL	Q02153
GUCY2C	LABEL	P25092
H6PD	LABEL	O95479
HABP2	LABEL	Q14520
HADH	LABEL	Q16836
HADHA	LABEL	P40939
HAGH	LABEL	Q16775
HAO1	LABEL	Q9UJM8
HAO2	LABEL	Q9NYQ3
HAPLN1	LABEL	P10915
HAPLN3	LABEL	Q96S86
HAPLN4	LABEL	Q86UW8
HBA1	LABEL	P69905
HBB	LABEL	P68871
HBE1	LABEL	P02100
HBG1	LABEL	P69891
HCAR1	LABEL	Q9BXC0
HCAR2	LABEL	Q8TDS4
HCAR3	LABEL	P49019
HCK	LABEL	P08631
HCN1	LABEL	O60741
HCN2	LABEL	Q9UL51
HCN3	LABEL	Q9P1Z3
HCN4	LABEL	Q9Y3Q4
HCRT	LABEL	O43612
HCRTR1	LABEL	O43613
HCRTR2	LABEL	O43614
HDAC1	LABEL	Q13547
HDAC10	LABEL	Q969S8
HDAC11	LABEL	Q96DB2
HDAC2	LABEL	Q92769
HDAC3	LABEL	O15379
HDAC4	LABEL	P56524
HDAC5	LABEL	Q9UQL6
HDAC6	LABEL	Q9UBN7
HDAC7	LABEL	Q8WUI4
HDAC8	LABEL	Q9BY41
HDAC9	LABEL	Q9UKV0
HDC	LABEL	P19113
HGS	LABEL	O14964
HHAT	LABEL	Q5VTY9
HIBADH	LABEL	P31937
HIBCH	LABEL	Q6NVY1
HIF1A	LABEL	Q16665
HINT1	LABEL	P49773
HIPK3	LABEL	Q9H422
HK1	LABEL	P19367
HK2	LABEL	P52789
HLA-A	LABEL	P04439
HLCS	LABEL	P50747
HMGCR	LABEL	P04035
HMGCS2	LABEL	P54868
HMMR	LABEL	O75330
HMOX1	LABEL	P09601
HMOX2	LABEL	P30519
HNF4A	LABEL	P41235
HNMT	LABEL	P50135
HPGD	LABEL	P15428
HPGDS	LABEL	O60760
HPN	LABEL	P05981
HPRT1	LABEL	P00492
HRAS	LABEL	P01112
HRH1	LABEL	P35367
HRH2	LABEL	P25021
HRH3	LABEL	Q9Y5N1
HRH4	LABEL	Q9H3N8
HRSP12	LABEL	P52758
HS3ST3A1	LABEL	Q9Y663
HSD11B1	LABEL	P28845
HSD11B2	LABEL	P80365
HSD17B1	LABEL	P14061
HSD17B10	LABEL	Q99714
HSD17B11	LABEL	Q8NBQ5
HSD17B2	LABEL	P37059
HSD17B3	LABEL	P37058
HSD17B4	LABEL	P51659
HSD17B6	LABEL	O14756
HSD17B7	LABEL	P56937
HSD17B8	LABEL	Q92506
HSD3B1	LABEL	P14060
HSD3B2	LABEL	P26439
HSP90AA1	LABEL	P07900
HSP90AB1	LABEL	P08238
HSPA1A	LABEL	P0DMV8
HSPA5	LABEL	P11021
HSPA8	LABEL	P11142
HSPB1	LABEL	P04792
HTR1A	LABEL	P08908
HTR1B	LABEL	P28222
HTR1D	LABEL	P28221
HTR1E	LABEL	P28566
HTR1F	LABEL	P30939
HTR2A	LABEL	P28223
HTR2B	LABEL	P41595
HTR2C	LABEL	P28335
HTR3A	LABEL	P46098
HTR3B	LABEL	O95264
HTR4	LABEL	Q13639
HTR5A	LABEL	P47898
HTR6	LABEL	P50406
HTR7	LABEL	P34969
ICAM1	LABEL	P05362
IDE	LABEL	P14735
IDH1	LABEL	O75874
IDH2	LABEL	P48735
IDH3A	LABEL	P50213
IDH3B	LABEL	O43837
IDH3G	LABEL	P51553
IDO1	LABEL	P14902
IFNG	LABEL	P01579
IGF1R	LABEL	P08069
IGHG2	LABEL	P01859
IGLC1	LABEL	P0CG04
IGSF10	LABEL	Q6WRI0
IHH	LABEL	Q14623
IKBKB	LABEL	O14920
IKBKG	LABEL	Q9Y6K9
IL10	LABEL	P22301
IL12A	LABEL	P29459
IL12B	LABEL	P29460
IL17A	LABEL	Q16552
IL1B	LABEL	P01584
IL2	LABEL	P60568
IL3	LABEL	P08700
IL4I1	LABEL	Q96RQ9
IL5	LABEL	P05113
IL5RA	LABEL	Q01344
IL6	LABEL	P05231
IMPA1	LABEL	P29218
IMPDH1	LABEL	P20839
IMPDH2	LABEL	P12268
INCENP	LABEL	Q9NQS7
INPP5D	LABEL	Q92835
INS	LABEL	P01308
INSR	LABEL	P06213
INSRR	LABEL	P14616
IRAK4	LABEL	Q9NWZ3
IRF3	LABEL	Q14653
ITGA2	LABEL	P17301
ITGA2B	LABEL	P08514
ITGA4	LABEL	P13612
ITGA5	LABEL	P08648
ITGAL	LABEL	P20701
ITGAV	LABEL	P06756
ITGB1	LABEL	P05556
ITGB2	LABEL	P05107
ITGB3	LABEL	P05106
ITGB6	LABEL	P18564
ITGB7	LABEL	P26010
ITK	LABEL	Q08881
ITPA	LABEL	Q9BY32
ITPR1	LABEL	Q14643
ITPR2	LABEL	Q14571
ITPR3	LABEL	Q14573
IVD	LABEL	P26440
JAK1	LABEL	P23458
JAK2	LABEL	O60674
JAK3	LABEL	P52333
JDP2	LABEL	Q8WYK2
JUN	LABEL	P05412
KARS	LABEL	Q15046
KAT2A	LABEL	Q92830
KAT2B	LABEL	Q92831
KAT5	LABEL	Q92993
KCNA1	LABEL	Q09470
KCNA10	LABEL	Q16322
KCNA2	LABEL	P16389
KCNA3	LABEL	P22001
KCNA4	LABEL	P22459
KCNA5	LABEL	P22460
KCNA6	LABEL	P17658
KCNA7	LABEL	Q96RP8
KCNB1	LABEL	Q14721
KCNB2	LABEL	Q92953
KCNC1	LABEL	P48547
KCNC2	LABEL	Q96PR1
KCNC3	LABEL	Q14003
KCNC4	LABEL	Q03721
KCND1	LABEL	Q9NSA2
KCND2	LABEL	Q9NZV8
KCND3	LABEL	Q9UK17
KCNF1	LABEL	Q9H3M0
KCNG1	LABEL	Q9UIX4
KCNG2	LABEL	Q9UJ96
KCNG3	LABEL	Q8TAE7
KCNG4	LABEL	Q8TDN1
KCNH1	LABEL	O95259
KCNH2	LABEL	Q12809
KCNH3	LABEL	Q9ULD8
KCNH4	LABEL	Q9UQ05
KCNH5	LABEL	Q8NCM2
KCNH6	LABEL	Q9H252
KCNH7	LABEL	Q9NS40
KCNH8	LABEL	Q96L42
KCNJ1	LABEL	P48048
KCNJ10	LABEL	P78508
KCNJ11	LABEL	Q14654
KCNJ12	LABEL	Q14500
KCNJ13	LABEL	O60928
KCNJ14	LABEL	Q9UNX9
KCNJ15	LABEL	Q99712
KCNJ3	LABEL	P48549
KCNJ4	LABEL	P48050
KCNJ5	LABEL	P48544
KCNJ6	LABEL	P48051
KCNJ8	LABEL	Q15842
KCNK1	LABEL	O00180
KCNK10	LABEL	P57789
KCNK12	LABEL	Q9HB15
KCNK13	LABEL	Q9HB14
KCNK15	LABEL	Q9H427
KCNK18	LABEL	Q7Z418
KCNK2	LABEL	O95069
KCNK3	LABEL	O14649
KCNK4	LABEL	Q9NYG8
KCNK6	LABEL	Q9Y257
KCNK9	LABEL	Q9NPC2
KCNMA1	LABEL	Q12791
KCNMB1	LABEL	Q16558
KCNMB2	LABEL	Q9Y691
KCNMB3	LABEL	Q9NPA1
KCNMB4	LABEL	Q86W47
KCNN1	LABEL	Q92952
KCNN2	LABEL	Q9H2S1
KCNN3	LABEL	Q9UGI6
KCNN4	LABEL	O15554
KCNQ1	LABEL	P51787
KCNQ2	LABEL	O43526
KCNQ3	LABEL	O43525
KCNQ4	LABEL	P56696
KCNQ5	LABEL	Q9NR82
KCNS1	LABEL	Q96KK3
KCNS2	LABEL	Q9ULS6
KCNS3	LABEL	Q9BQ31
KCNT2	LABEL	Q6UVM3
KCNV1	LABEL	Q6PIU1
KCNV2	LABEL	Q8TDN2
KCTD12	LABEL	Q96CX2
KCTD16	LABEL	Q68DU8
KCTD8	LABEL	Q6ZWB6
KDM1A	LABEL	O60341
KDM2A	LABEL	Q9Y2K7
KDM3A	LABEL	Q9Y4C1
KDM4A	LABEL	O75164
KDM4B	LABEL	O94953
KDM4C	LABEL	Q9H3R0
KDM4E	LABEL	B2RXH2
KDM5A	LABEL	P29375
KDM5C	LABEL	P41229
KDM6A	LABEL	O15550
KDM6B	LABEL	O15054
KDM7A	LABEL	Q6ZMT4
KDR	LABEL	P35968
KEAP1	LABEL	Q14145
KHK	LABEL	P50053
KIF11	LABEL	P52732
KIF18A	LABEL	Q8NI77
KIT	LABEL	P10721
KLF4	LABEL	O43474
KMO	LABEL	O15229
KRAS	LABEL	P01116
KRT12	LABEL	Q99456
KRTAP5-2	LABEL	Q701N4
KYNU	LABEL	Q16719
L3HYPDH	LABEL	Q96EM0
L3MBTL1	LABEL	Q9Y468
L3MBTL3	LABEL	Q96JM7
LAP3	LABEL	P28838
LARS	LABEL	Q9P2J5
LARS2	LABEL	Q15031
LCK	LABEL	P06239
LCMT1	LABEL	Q9UIC8
LCMT2	LABEL	O60294
LCT	LABEL	P09848
LDHA	LABEL	P00338
LDHAL6A	LABEL	Q6ZMR3
LDHAL6B	LABEL	Q9BYZ2
LDHB	LABEL	P07195
LDHC	LABEL	P07864
LDLR	LABEL	P01130
LGSN	LABEL	Q5TDP6
LHCGR	LABEL	P22888
LIF	LABEL	P15018
LIMK1	LABEL	P53667
LIMK2	LABEL	P53671
LIPE	LABEL	Q05469
LIPF	LABEL	P07098
LPA	LABEL	P08519
LPAR1	LABEL	Q92633
LPAR2	LABEL	Q9HBW0
LPAR3	LABEL	Q9UBY5
LPAR5	LABEL	Q9H1C0
LPL	LABEL	P06858
LRAT	LABEL	O95237
LRRK2	LABEL	Q5S007
LSM6	LABEL	P62312
LSS	LABEL	P48449
LTA4H	LABEL	P09960
LTB4R	LABEL	Q15722
LTB4R2	LABEL	Q9NPC1
LTC4S	LABEL	Q16873
LTF	LABEL	P02788
LY96	LABEL	Q9Y6Y9
LYN	LABEL	P07948
LYPLA1	LABEL	O75608
LYZ	LABEL	P61626
M6PR	LABEL	P20645
MALT1	LABEL	Q9UDY8
MAN1B1	LABEL	Q9UKM7
MAN2A1	LABEL	Q16706
MAOA	LABEL	P21397
MAOB	LABEL	P27338
MAP1A	LABEL	P78559
MAP2	LABEL	P11137
MAP2K1	LABEL	Q02750
MAP2K2	LABEL	P36507
MAP2K5	LABEL	Q13163
MAP2K7	LABEL	O14733
MAP3K1	LABEL	Q13233
MAP3K10	LABEL	Q02779
MAP3K11	LABEL	Q16584
MAP3K2	LABEL	Q9Y2U5
MAP3K5	LABEL	Q99683
MAP3K6	LABEL	O95382
MAP3K7	LABEL	O43318
MAP3K8	LABEL	P41279
MAP3K9	LABEL	P80192
MAP4	LABEL	P27816
MAP4K5	LABEL	Q9Y4K4
MAPK1	LABEL	P28482
MAPK10	LABEL	P53779
MAPK11	LABEL	Q15759
MAPK12	LABEL	P53778
MAPK13	LABEL	O15264
MAPK14	LABEL	Q16539
MAPK3	LABEL	P27361
MAPK7	LABEL	Q13164
MAPK8	LABEL	P45983
MAPK8IP1	LABEL	Q9UQF2
MAPK9	LABEL	P45984
MAPKAPK2	LABEL	P49137
MAPT	LABEL	P10636
MARK1	LABEL	Q9P0L2
MARK3	LABEL	P27448
MBTPS1	LABEL	Q14703
MC1R	LABEL	Q01726
MC2R	LABEL	Q01718
MC3R	LABEL	P41968
MC4R	LABEL	P32245
MC5R	LABEL	P33032
MCCC1	LABEL	Q96RQ3
MCCC2	LABEL	Q9HCC0
MCHR1	LABEL	Q99705
MCL1	LABEL	Q07820
MCOLN3	LABEL	Q8TDD5
MDH1	LABEL	P40925
MDH2	LABEL	P40926
MDM2	LABEL	Q00987
MDM4	LABEL	O15151
ME1	LABEL	P48163
ME2	LABEL	P23368
ME3	LABEL	Q16798
MELK	LABEL	Q14680
MERTK	LABEL	Q12866
MET	LABEL	P08581
METAP2	LABEL	P50579
MGAM	LABEL	O43451
MGEA5	LABEL	O60502
MGLL	LABEL	Q99685
MGMT	LABEL	P16455
MGST1	LABEL	P10620
MGST2	LABEL	Q99735
MGST3	LABEL	O14880
MIF	LABEL	P14174
MKL1	LABEL	Q969V6
MKNK1	LABEL	Q9BUB5
MKNK2	LABEL	Q9HBH9
MLNR	LABEL	O43193
MME	LABEL	P08473
MMP1	LABEL	P03956
MMP10	LABEL	P09238
MMP11	LABEL	P24347
MMP12	LABEL	P39900
MMP13	LABEL	P45452
MMP14	LABEL	P50281
MMP15	LABEL	P51511
MMP16	LABEL	P51512
MMP17	LABEL	Q9ULZ9
MMP19	LABEL	Q99542
MMP2	LABEL	P08253
MMP20	LABEL	O60882
MMP21	LABEL	Q8N119
MMP24	LABEL	Q9Y5R2
MMP25	LABEL	Q9NPA2
MMP26	LABEL	Q9NRE1
MMP27	LABEL	Q9H306
MMP28	LABEL	Q9H239
MMP3	LABEL	P08254
MMP7	LABEL	P09237
MMP8	LABEL	P22894
MMP9	LABEL	P14780
MOCOS	LABEL	Q96EN8
MPL	LABEL	P40238
MPO	LABEL	P05164
MRE11A	LABEL	P49959
MRGPRX1	LABEL	Q96LB2
MSMO1	LABEL	Q15800
MST1R	LABEL	Q04912
MT-CO1	LABEL	P00395
MT-CO2	LABEL	P00403
MT-CO3	LABEL	P00414
MT-ND1	LABEL	P03886
MT-ND2	LABEL	P03891
MT-ND3	LABEL	P03897
MT-ND4	LABEL	P03905
MT-ND4L	LABEL	P03901
MT-ND5	LABEL	P03915
MT-ND6	LABEL	P03923
MTAP	LABEL	Q13126
MTHFD1	LABEL	P11586
MTHFD2	LABEL	P13995
MTNR1A	LABEL	P48039
MTNR1B	LABEL	P49286
MTOR	LABEL	P42345
MTR	LABEL	Q99707
MTRR	LABEL	Q9UBK8
MTTP	LABEL	P55157
MUC2	LABEL	Q02817
MUT	LABEL	P22033
MYBPC3	LABEL	Q14896
MYC	LABEL	P01106
MYD88	LABEL	Q99836
MYH14	LABEL	Q7Z406
MYH2	LABEL	Q9UKX2
MYLK	LABEL	Q15746
MYLK2	LABEL	Q9H1R3
NADSYN1	LABEL	Q6IA69
NAE1	LABEL	Q13564
NAGK	LABEL	Q9UJ70
NAGLU	LABEL	P54802
NAGPA	LABEL	Q9UK23
NAGS	LABEL	Q8N159
NALCN	LABEL	Q8IZF0
NAMPT	LABEL	P43490
NARS	LABEL	O43776
NARS2	LABEL	Q96I59
NAT10	LABEL	Q9H0A0
NCAN	LABEL	O14594
NCF1	LABEL	P14598
NCF2	LABEL	P19878
NCF4	LABEL	Q15080
NCOA1	LABEL	Q15788
NCOA2	LABEL	Q15596
NDC80	LABEL	O14777
NDUFA1	LABEL	O15239
NDUFA10	LABEL	O95299
NDUFA11	LABEL	Q86Y39
NDUFA12	LABEL	Q9UI09
NDUFA13	LABEL	Q9P0J0
NDUFA2	LABEL	O43678
NDUFA3	LABEL	O95167
NDUFA4	LABEL	O00483
NDUFA4L2	LABEL	Q9NRX3
NDUFA5	LABEL	Q16718
NDUFA6	LABEL	P56556
NDUFA7	LABEL	O95182
NDUFA8	LABEL	P51970
NDUFA9	LABEL	Q16795
NDUFAB1	LABEL	O14561
NDUFB1	LABEL	O75438
NDUFB10	LABEL	O96000
NDUFB2	LABEL	O95178
NDUFB3	LABEL	O43676
NDUFB4	LABEL	O95168
NDUFB5	LABEL	O43674
NDUFB6	LABEL	O95139
NDUFB7	LABEL	P17568
NDUFB8	LABEL	O95169
NDUFB9	LABEL	Q9Y6M9
NDUFC1	LABEL	O43677
NDUFC2	LABEL	O95298
NDUFS1	LABEL	P28331
NDUFS2	LABEL	O75306
NDUFS3	LABEL	O75489
NDUFS4	LABEL	O43181
NDUFS5	LABEL	O43920
NDUFS6	LABEL	O75380
NDUFS7	LABEL	O75251
NDUFS8	LABEL	O00217
NDUFV1	LABEL	P49821
NDUFV2	LABEL	P19404
NDUFV3	LABEL	P56181
NEDD4	LABEL	P46934
NEIL1	LABEL	Q96FI4
NEK11	LABEL	Q8NG66
NEU1	LABEL	Q99519
NEU2	LABEL	Q9Y3R4
NEUROD1	LABEL	Q13562
NFATC1	LABEL	O95644
NFE2L2	LABEL	Q16236
NFKB1	LABEL	P19838
NFKB2	LABEL	Q00653
NFKBIA	LABEL	P25963
NFS1	LABEL	Q9Y697
NGF	LABEL	P01138
NGFR	LABEL	P08138
NHP2L1	LABEL	P55769
NISCH	LABEL	Q9Y2I1
NLRP3	LABEL	Q96P20
NMBR	LABEL	P28336
NNMT	LABEL	P40261
NNT	LABEL	Q13423
NOS1	LABEL	P29475
NOS2	LABEL	P35228
NOS3	LABEL	P29474
NOX1	LABEL	Q9Y5S8
NOX4	LABEL	Q9NPH5
NOXO1	LABEL	Q8NFA2
NPBWR1	LABEL	P48145
NPC1L1	LABEL	Q9UHC9
NPEPPS	LABEL	P55786
NPR1	LABEL	P16066
NPSR1	LABEL	Q6W5P4
NPY1R	LABEL	P25929
NPY2R	LABEL	P49146
NPY5R	LABEL	Q15761
NQO1	LABEL	P15559
NQO2	LABEL	P16083
NR0B1	LABEL	P51843
NR1H2	LABEL	P55055
NR1H3	LABEL	Q13133
NR1H4	LABEL	Q96RI1
NR1I2	LABEL	O75469
NR1I3	LABEL	Q14994
NR2C2	LABEL	P49116
NR3C1	LABEL	P04150
NR3C2	LABEL	P08235
NR5A1	LABEL	Q13285
NR5A2	LABEL	O00482
NRAS	LABEL	P01111
NRP1	LABEL	O14786
NSDHL	LABEL	Q15738
NT5C2	LABEL	P49902
NT5E	LABEL	P21589
NTRK1	LABEL	P04629
NTRK2	LABEL	Q16620
NTRK3	LABEL	Q16288
NTSR1	LABEL	P30989
NTSR2	LABEL	O95665
NUAK1	LABEL	O60285
NUAK2	LABEL	Q9H093
NUDT1	LABEL	P36639
OAT	LABEL	P04181
ODC1	LABEL	P11926
OGDH	LABEL	Q02218
OPLAH	LABEL	O14841
OPRD1	LABEL	P41143
OPRK1	LABEL	P41145
OPRL1	LABEL	P41146
OPRM1	LABEL	P35372
ORM1	LABEL	P02763
ORM2	LABEL	P19652
OTC	LABEL	P00480
OXCT1	LABEL	P55809
OXCT2	LABEL	Q9BYC2
OXER1	LABEL	Q8TDS5
OXGR1	LABEL	Q96P68
OXT	LABEL	P01178
OXTR	LABEL	P30559
P2RX3	LABEL	P56373
P2RX4	LABEL	Q99571
P2RX7	LABEL	Q99572
P2RY1	LABEL	P47900
P2RY10	LABEL	O00398
P2RY11	LABEL	Q96G91
P2RY12	LABEL	Q9H244
P2RY13	LABEL	Q9BPV8
P2RY2	LABEL	P41231
P2RY4	LABEL	P51582
P2RY6	LABEL	Q15077
P3H1	LABEL	Q32P28
P3H2	LABEL	Q8IVL5
P3H3	LABEL	Q8IVL6
P4HA1	LABEL	P13674
P4HA2	LABEL	O15460
P4HB	LABEL	P07237
PADI1	LABEL	Q9ULC6
PADI2	LABEL	Q9Y2J8
PADI3	LABEL	Q9ULW8
PADI4	LABEL	Q9UM07
PADI6	LABEL	Q6TGC4
PAH	LABEL	P00439
PAICS	LABEL	P22234
PAK1	LABEL	Q13153
PAK2	LABEL	Q13177
PAK3	LABEL	O75914
PAK4	LABEL	O96013
PAK6	LABEL	Q9NQU5
PAK7	LABEL	Q9P286
PANX1	LABEL	Q96RD7
PANX2	LABEL	Q96RD6
PANX3	LABEL	Q96QZ0
PAPOLA	LABEL	P51003
PARP1	LABEL	P09874
PARP15	LABEL	Q460N3
PARP2	LABEL	Q9UGN5
PARP3	LABEL	Q9Y6F1
PARS2	LABEL	Q7L3T8
PASK	LABEL	Q96RG2
PBRM1	LABEL	Q86U86
PC	LABEL	P11498
PCCA	LABEL	P05165
PCCB	LABEL	P05166
PCYT1A	LABEL	P49585
PCYT1B	LABEL	Q9Y5K3
PDE10A	LABEL	Q9Y233
PDE11A	LABEL	Q9HCR9
PDE1A	LABEL	P54750
PDE1B	LABEL	Q01064
PDE1C	LABEL	Q14123
PDE2A	LABEL	O00408
PDE3A	LABEL	Q14432
PDE3B	LABEL	Q13370
PDE4A	LABEL	P27815
PDE4B	LABEL	Q07343
PDE4C	LABEL	Q08493
PDE4D	LABEL	Q08499
PDE5A	LABEL	O76074
PDE6A	LABEL	P16499
PDE6B	LABEL	P35913
PDE6C	LABEL	P51160
PDE6D	LABEL	O43924
PDE6G	LABEL	P18545
PDE6H	LABEL	Q13956
PDE7A	LABEL	Q13946
PDE7B	LABEL	Q9NP56
PDE8A	LABEL	O60658
PDE8B	LABEL	O95263
PDE9A	LABEL	O76083
PDGFD	LABEL	Q9GZP0
PDGFRA	LABEL	P16234
PDGFRB	LABEL	P09619
PDHA1	LABEL	P08559
PDHA2	LABEL	P29803
PDHB	LABEL	P11177
PDK1	LABEL	O15530
PDK2	LABEL	Q15119
PDPK1	LABEL	O15530
PDXDC1	LABEL	Q6P996
PDXK	LABEL	O00764
PDXP	LABEL	Q96GD0
PECR	LABEL	Q9BY49
PFAS	LABEL	O15067
PFKFB3	LABEL	Q16875
PGCP	LABEL	Q9Y646
PGD	LABEL	P52209
PGF	LABEL	P49763
PGGT1B	LABEL	P53609
PGR	LABEL	P06401
PGRMC1	LABEL	O00264
PHF8	LABEL	Q9UPP1
PHGDH	LABEL	O43175
PHOSPHO1	LABEL	Q8TCT1
PHYKPL	LABEL	Q8IUZ5
PI3	LABEL	P19957
PI4K2A	LABEL	Q9BTU6
PI4K2B	LABEL	Q8TCG2
PI4KA	LABEL	P42356
PI4KB	LABEL	Q9UBF8
PIEZO1	LABEL	Q92508
PIK3C3	LABEL	Q8NEB9
PIK3CA	LABEL	P42336
PIK3CB	LABEL	P42338
PIK3CD	LABEL	O00329
PIK3CG	LABEL	P48736
PIK3R1	LABEL	P27986
PIKFYVE	LABEL	Q9Y2I7
PIM1	LABEL	P11309
PIM2	LABEL	Q9P1W9
PIM3	LABEL	Q86V86
PIP5K1C	LABEL	O60331
PIPOX	LABEL	Q9P0Z9
PKD1	LABEL	P98161
PKD2	LABEL	Q13563
PKD2L1	LABEL	Q9P0L9
PKIA	LABEL	P61925
PKM	LABEL	P14618
PKMYT1	LABEL	Q99640
PKN1	LABEL	Q16512
PKN2	LABEL	Q16513
PLA2G1B	LABEL	P04054
PLA2G2A	LABEL	P14555
PLA2G2E	LABEL	Q9NZK7
PLA2G4A	LABEL	P47712
PLA2G7	LABEL	Q13093
PLAT	LABEL	P00750
PLAU	LABEL	P00749
PLAUR	LABEL	Q03405
PLCB2	LABEL	Q00722
PLCB3	LABEL	Q01970
PLCD1	LABEL	P51178
PLCG1	LABEL	P19174
PLCG2	LABEL	P16885
PLD1	LABEL	Q13393
PLD2	LABEL	O14939
PLEKHA1	LABEL	Q9HB21
PLG	LABEL	P00747
PLK1	LABEL	P53350
PLK2	LABEL	Q9NYY3
PLK3	LABEL	Q9H4B4
PLK4	LABEL	O00444
PLOD1	LABEL	Q02809
PLOD3	LABEL	O60568
PNKP	LABEL	Q96T60
PNLIP	LABEL	P16233
PNP	LABEL	P00491
PNPO	LABEL	Q9NVS9
POLA1	LABEL	P09884
POLA2	LABEL	Q14181
POLB	LABEL	P06746
POLD1	LABEL	P28340
POLE	LABEL	Q07864
POLE2	LABEL	P56282
POLE3	LABEL	Q9NRF9
POLE4	LABEL	Q9NR33
POLR2A	LABEL	P24928
POMC	LABEL	P01189
PON1	LABEL	P27169
POR	LABEL	P16435
PORCN	LABEL	Q9H237
POU2F2	LABEL	P09086
POU5F1	LABEL	Q01860
PPARA	LABEL	Q07869
PPARD	LABEL	Q03181
PPARG	LABEL	P37231
PPAT	LABEL	Q06203
PPCDC	LABEL	Q96CD2
PPIA	LABEL	P62937
PPIB	LABEL	P23284
PPIC	LABEL	P45877
PPIF	LABEL	P30405
PPIG	LABEL	Q13427
PPIH	LABEL	O43447
PPM1D	LABEL	O15297
PPP2CA	LABEL	P67775
PPP2CB	LABEL	P62714
PPP3CA	LABEL	Q08209
PPP3R2	LABEL	Q96LZ3
PRC1	LABEL	O43663
PRDX2	LABEL	P32119
PRDX5	LABEL	P30044
PREP	LABEL	P48147
PRKAA1	LABEL	Q13131
PRKAA2	LABEL	P54646
PRKAB1	LABEL	Q9Y478
PRKAB2	LABEL	O43741
PRKACA	LABEL	P17612
PRKAG1	LABEL	P54619
PRKAG2	LABEL	Q9UGJ0
PRKAG3	LABEL	Q9UGI9
PRKCA	LABEL	P17252
PRKCB	LABEL	P05771
PRKCD	LABEL	Q05655
PRKCE	LABEL	Q02156
PRKCG	LABEL	P05129
PRKCI	LABEL	P41743
PRKCQ	LABEL	Q04759
PRKCZ	LABEL	Q05513
PRKDC	LABEL	P78527
PRKG1	LABEL	Q13976
PRKX	LABEL	P51817
PRMT1	LABEL	Q99873
PRMT3	LABEL	O60678
PRMT5	LABEL	O14744
PRMT6	LABEL	Q96LA8
PROC	LABEL	P04070
PRODH	LABEL	O43272
PROS1	LABEL	P07225
PROSC	LABEL	O94903
PROZ	LABEL	P22891
PRSS1	LABEL	P07477
PSAT1	LABEL	Q9Y617
PSEN1	LABEL	P49768
PSEN2	LABEL	P49810
PSENEN	LABEL	Q9NZ42
PSMA1	LABEL	P25786
PSMA2	LABEL	P25787
PSMA3	LABEL	P25788
PSMA4	LABEL	P25789
PSMA5	LABEL	P28066
PSMA6	LABEL	P60900
PSMA7	LABEL	O14818
PSMA8	LABEL	Q8TAA3
PSMB1	LABEL	P20618
PSMB10	LABEL	P40306
PSMB11	LABEL	A5LHX3
PSMB2	LABEL	P49721
PSMB3	LABEL	P49720
PSMB4	LABEL	P28070
PSMB5	LABEL	P28074
PSMB6	LABEL	P28072
PSMB7	LABEL	Q99436
PSMB8	LABEL	P28062
PSMB9	LABEL	P28065
PSMD1	LABEL	Q99460
PSMD2	LABEL	Q13200
PTAFR	LABEL	P25105
PTGDR	LABEL	Q13258
PTGDR2	LABEL	Q9Y5Y4
PTGER1	LABEL	P34995
PTGER2	LABEL	P43116
PTGER3	LABEL	P43115
PTGER4	LABEL	P35408
PTGES	LABEL	O14684
PTGFR	LABEL	P43088
PTGIR	LABEL	P43119
PTGIS	LABEL	Q16647
PTGR1	LABEL	Q14914
PTGR2	LABEL	Q8N8N7
PTGS1	LABEL	P23219
PTGS2	LABEL	P35354
PTK2	LABEL	Q05397
PTK2B	LABEL	Q14289
PTK6	LABEL	Q13882
PTPMT1	LABEL	Q8WUK0
PTPN1	LABEL	P18031
PTPN11	LABEL	Q06124
PTPN2	LABEL	P17706
PTPN4	LABEL	P29074
PTPN6	LABEL	P29350
PTPRE	LABEL	P23469
PTPRS	LABEL	Q13332
PYCR1	LABEL	P32322
PYCR2	LABEL	Q96C36
PYCRL	LABEL	Q53H96
PYGB	LABEL	P11216
PYGL	LABEL	P06737
PYGM	LABEL	P11217
QDPR	LABEL	P09417
QPRT	LABEL	Q15274
RAB9A	LABEL	P51151
RAC1	LABEL	P63000
RAC2	LABEL	P15153
RAC3	LABEL	P60763
RAD51	LABEL	Q06609
RAF1	LABEL	P04049
RALA	LABEL	P11233
RALB	LABEL	P11234
RAMP1	LABEL	O60894
RAPGEF3	LABEL	O95398
RAPGEF4	LABEL	Q8WZA2
RARA	LABEL	P10276
RARB	LABEL	P10826
RARG	LABEL	P13631
RARRES1	LABEL	P49788
RBP1	LABEL	P09455
RBP3	LABEL	P10745
RBP4	LABEL	P02753
RDH11	LABEL	Q8TC12
RDH12	LABEL	Q96NR8
RDH13	LABEL	Q8NBN7
RDH14	LABEL	Q9HBH5
RDH5	LABEL	Q92781
RDH8	LABEL	Q9NYR8
REG1A	LABEL	P05451
RELA	LABEL	Q04206
REN	LABEL	P00797
RENBP	LABEL	P51606
RET	LABEL	P07949
RETSAT	LABEL	Q6NUM9
RFK	LABEL	Q969G6
RGS4	LABEL	P49798
RGS8	LABEL	P57771
RHO	LABEL	P08100
RHOA	LABEL	P61586
RHOC	LABEL	P08134
RIPK1	LABEL	Q13546
RIPK2	LABEL	O43353
RLBP1	LABEL	P12271
RNASE1	LABEL	P07998
RNASE3	LABEL	P12724
RNPEP	LABEL	Q9H4A4
ROCK1	LABEL	Q13464
ROCK2	LABEL	O75116
RORA	LABEL	P35398
RORB	LABEL	Q92753
RORC	LABEL	P51449
ROS1	LABEL	P08922
RPL10L	LABEL	Q96L21
RPL11	LABEL	P62913
RPL13A	LABEL	P40429
RPL15	LABEL	P61313
RPL19	LABEL	P84098
RPL23	LABEL	P62829
RPL23A	LABEL	P62750
RPL26L1	LABEL	Q9UNX3
RPL3	LABEL	P39023
RPL37	LABEL	P61927
RPL8	LABEL	P62917
RPS2	LABEL	P15880
RPS6KA1	LABEL	Q15418
RPS6KA2	LABEL	Q15349
RPS6KA3	LABEL	P51812
RPS6KA4	LABEL	O75676
RPS6KA5	LABEL	O75582
RPS6KA6	LABEL	Q9UK32
RPS6KB1	LABEL	P23443
RRM1	LABEL	P23921
RRM2	LABEL	P31350
RRM2B	LABEL	Q7LG56
RSL24D1	LABEL	Q9UHA3
RXRA	LABEL	P19793
RXRB	LABEL	P28702
RXRG	LABEL	P48443
RYR1	LABEL	P21817
RYR2	LABEL	Q92736
RYR3	LABEL	Q15413
S100A1	LABEL	P23297
S100A12	LABEL	P80511
S100A13	LABEL	Q99584
S100A2	LABEL	P29034
S100A4	LABEL	P26447
S100B	LABEL	P04271
S100P	LABEL	P25815
S1PR1	LABEL	P21453
S1PR2	LABEL	O95136
S1PR3	LABEL	Q99500
S1PR4	LABEL	O95977
S1PR5	LABEL	Q9H228
SAA1	LABEL	P0DJI8
SCD	LABEL	O00767
SCLY	LABEL	Q96I15
SCN10A	LABEL	Q9Y5Y9
SCN11A	LABEL	Q9UI33
SCN1A	LABEL	P35498
SCN1B	LABEL	Q07699
SCN2A	LABEL	Q99250
SCN2B	LABEL	O60939
SCN3A	LABEL	Q9NY46
SCN3B	LABEL	Q9NY72
SCN4A	LABEL	P35499
SCN4B	LABEL	Q8IWT1
SCN5A	LABEL	Q14524
SCN7A	LABEL	Q01118
SCN8A	LABEL	Q9UQD0
SCN9A	LABEL	Q15858
SCNN1A	LABEL	P37088
SCNN1B	LABEL	P51168
SCNN1D	LABEL	P51172
SCNN1G	LABEL	P51170
SDHA	LABEL	P31040
SDHB	LABEL	P21912
SDHC	LABEL	Q99643
SDHD	LABEL	O14521
SDS	LABEL	P20132
SDSL	LABEL	Q96GA7
SEC14L2	LABEL	O76054
SEC14L3	LABEL	Q9UDX4
SEC14L4	LABEL	Q9UDX3
SELE	LABEL	P16581
SELL	LABEL	P14151
SELP	LABEL	P16109
SENP2	LABEL	Q9HC62
SEPSECS	LABEL	Q9HD40
SERPINA6	LABEL	P08185
SERPINB3	LABEL	P29508
SERPINC1	LABEL	P01008
SERPIND1	LABEL	P05546
SERPINE1	LABEL	P05121
SFRP1	LABEL	Q8N474
SGK1	LABEL	O00141
SGK2	LABEL	Q9HBY8
SGK3	LABEL	Q96BR1
SGPL1	LABEL	O95470
SH2B3	LABEL	Q9UQQ2
SHBG	LABEL	P04278
SHH	LABEL	Q15465
SHMT1	LABEL	P34896
SHMT2	LABEL	P34897
SI	LABEL	P14410
SIGMAR1	LABEL	Q99720
SIK1	LABEL	P57059
SIRT1	LABEL	Q96EB6
SIRT2	LABEL	Q8IXJ6
SIRT3	LABEL	Q9NTG7
SIRT5	LABEL	Q9NXA8
SLC10A1	LABEL	Q14973
SLC10A2	LABEL	Q12908
SLC12A1	LABEL	Q13621
SLC12A2	LABEL	P55011
SLC12A3	LABEL	P55017
SLC12A4	LABEL	Q9UP95
SLC12A5	LABEL	Q9H2X9
SLC13A1	LABEL	Q9BZW2
SLC13A2	LABEL	Q13183
SLC13A3	LABEL	Q8WWT9
SLC15A1	LABEL	P46059
SLC15A2	LABEL	Q16348
SLC15A3	LABEL	Q8IY34
SLC15A4	LABEL	Q8N697
SLC16A1	LABEL	P53985
SLC16A7	LABEL	O60669
SLC18A1	LABEL	P54219
SLC18A2	LABEL	Q05940
SLC18A3	LABEL	Q16572
SLC19A1	LABEL	P41440
SLC19A2	LABEL	O60779
SLC19A3	LABEL	Q9BZV2
SLC1A1	LABEL	P43005
SLC1A2	LABEL	P43004
SLC1A3	LABEL	P43003
SLC1A4	LABEL	P43007
SLC1A5	LABEL	Q15758
SLC1A6	LABEL	P48664
SLC1A7	LABEL	O00341
SLC22A11	LABEL	Q9NSA0
SLC22A12	LABEL	Q96S37
SLC22A6	LABEL	Q4U2R8
SLC22A8	LABEL	Q8TCC7
SLC23A1	LABEL	Q9UHI7
SLC23A2	LABEL	Q9UGH3
SLC25A10	LABEL	Q9UBX3
SLC25A12	LABEL	O75746
SLC25A13	LABEL	Q9UJS0
SLC25A18	LABEL	Q9H1K4
SLC25A22	LABEL	Q9H936
SLC25A4	LABEL	P12235
SLC25A5	LABEL	P05141
SLC25A6	LABEL	P12236
SLC29A1	LABEL	Q99808
SLC29A4	LABEL	Q7RTT9
SLC2A1	LABEL	P11166
SLC2A2	LABEL	P11168
SLC2A3	LABEL	P11169
SLC2A4	LABEL	P14672
SLC32A1	LABEL	Q9H598
SLC36A1	LABEL	Q7Z2H8
SLC36A2	LABEL	Q495M3
SLC37A4	LABEL	O43826
SLC38A3	LABEL	Q99624
SLC38A5	LABEL	Q8WUX1
SLC3A1	LABEL	Q07837
SLC46A1	LABEL	Q96NT5
SLC47A1	LABEL	Q96FL8
SLC47A2	LABEL	Q86VL8
SLC52A2	LABEL	Q9HAB3
SLC5A1	LABEL	P13866
SLC5A11	LABEL	Q8WWX8
SLC5A2	LABEL	P31639
SLC5A3	LABEL	P53794
SLC5A6	LABEL	Q9Y289
SLC5A8	LABEL	Q8N695
SLC6A1	LABEL	P30531
SLC6A11	LABEL	P48066
SLC6A12	LABEL	P48065
SLC6A13	LABEL	Q9NSD5
SLC6A14	LABEL	Q9UN76
SLC6A2	LABEL	P23975
SLC6A3	LABEL	Q01959
SLC6A4	LABEL	P31645
SLC6A5	LABEL	Q9Y345
SLC6A7	LABEL	Q99884
SLC6A8	LABEL	P48029
SLC6A9	LABEL	P48067
SLC7A1	LABEL	P30825
SLC7A11	LABEL	Q9UPY5
SLC7A2	LABEL	P52569
SLC7A3	LABEL	Q8WY07
SLC7A4	LABEL	O43246
SLC7A8	LABEL	Q9UHI5
SLC7A9	LABEL	P82251
SLC8A1	LABEL	P32418
SLC9A1	LABEL	P19634
SLCO1A2	LABEL	P46721
SLCO1B1	LABEL	Q9Y6L6
SLCO1B3	LABEL	Q9NPD5
SLCO1C1	LABEL	Q9NYB5
SLCO2B1	LABEL	O94956
SLK	LABEL	Q9H2G2
SMAD2	LABEL	Q15796
SMAD3	LABEL	P84022
SMARCA4	LABEL	P51532
SMN1	LABEL	Q16637
SMO	LABEL	Q99835
SMOX	LABEL	Q9NWM0
SMPD1	LABEL	P17405
SMS	LABEL	P52788
SMURF2	LABEL	Q9HAU4
SMYD2	LABEL	Q9NRG4
SNCA	LABEL	P37840
SOAT1	LABEL	P35610
SOAT2	LABEL	O75908
SOD1	LABEL	P00441
SOD2	LABEL	P04179
SORD	LABEL	Q00796
SORT1	LABEL	Q99523
SPHK1	LABEL	Q9NYA1
SPHK2	LABEL	Q9NRA0
SPIRE2	LABEL	Q8WWL2
SPTLC1	LABEL	O15269
SPTLC2	LABEL	O15270
SPTLC3	LABEL	Q9NUV7
SQLE	LABEL	Q14534
SRC	LABEL	P12931
SRD5A1	LABEL	P18405
SRD5A2	LABEL	P31213
SRD5A3	LABEL	Q9H8P0
SRF	LABEL	P11831
SRMS	LABEL	Q9H3Y6
SRPK1	LABEL	Q96SB4
SRPK2	LABEL	P78362
SRR	LABEL	Q9GZT4
SST	LABEL	P61278
SSTR1	LABEL	P30872
SSTR2	LABEL	P30874
SSTR3	LABEL	P32745
SSTR4	LABEL	P31391
SSTR5	LABEL	P35346
STAT1	LABEL	P42224
STAT3	LABEL	P40763
STAT5B	LABEL	P51692
STK10	LABEL	O94804
STK17A	LABEL	Q9UEE5
STK17B	LABEL	O94768
STK24	LABEL	Q9Y6E0
STK33	LABEL	Q9BYT3
STK4	LABEL	Q13043
STS	LABEL	P08842
SUCLA2	LABEL	Q9P2R7
SUCLG1	LABEL	P53597
SUCLG2	LABEL	Q96I99
SUCNR1	LABEL	Q9BXA5
SULT1E1	LABEL	P49888
SULT2A1	LABEL	Q06520
SULT2B1	LABEL	O00204
SV2A	LABEL	Q7L0J3
SYK	LABEL	P43405
TAAR1	LABEL	Q96RJ0
TAC1	LABEL	P20366
TACC3	LABEL	Q9Y6A5
TACR1	LABEL	P25103
TACR2	LABEL	P21452
TACR3	LABEL	P29371
TAOK2	LABEL	Q9UL54
TARS	LABEL	P26639
TARS2	LABEL	Q9BW92
TAS1R2	LABEL	Q8TE23
TAT	LABEL	P17735
TBXA2R	LABEL	P21731
TBXAS1	LABEL	P24557
TCF4	LABEL	P15884
TEK	LABEL	Q02763
TERT	LABEL	O14746
TFF2	LABEL	Q03403
TGFB1	LABEL	P01137
TGFBR1	LABEL	P36897
TGFBR2	LABEL	P37173
TGM2	LABEL	P21980
TH	LABEL	P07101
THNSL1	LABEL	Q8IYQ7
THRA	LABEL	P10827
THRB	LABEL	P10828
TIMP3	LABEL	P35625
TK2	LABEL	O00142
TLR1	LABEL	Q15399
TLR2	LABEL	O60603
TLR3	LABEL	O15455
TLR4	LABEL	O00206
TLR7	LABEL	Q9NYK1
TLR8	LABEL	Q9NR97
TLR9	LABEL	Q9NR96
TMLHE	LABEL	Q9NVH6
TNF	LABEL	P01375
TNFSF10	LABEL	P50591
TNFSF13B	LABEL	Q9Y275
TNK1	LABEL	Q13470
TNK2	LABEL	Q07912
TNKS	LABEL	O95271
TNKS2	LABEL	Q9H2K2
TNNC1	LABEL	P63316
TOP1	LABEL	P11387
TOP1MT	LABEL	Q969P6
TOP2A	LABEL	P11388
TOP2B	LABEL	Q02880
TP53	LABEL	P04637
TPH1	LABEL	P17752
TPH2	LABEL	Q8IWU9
TPK1	LABEL	Q9H3S4
TPMT	LABEL	P51580
TPO	LABEL	P07202
TPP2	LABEL	P29144
TPSAB1	LABEL	Q15661
TRAC	LABEL	P01848
TRBC1	LABEL	P01850
TRDMT1	LABEL	O14717
TRHR	LABEL	P34981
TRIO	LABEL	O75962
TRPA1	LABEL	O75762
TRPC1	LABEL	P48995
TRPC3	LABEL	Q13507
TRPC4	LABEL	Q9UBN4
TRPC5	LABEL	Q9UL62
TRPC6	LABEL	Q9Y210
TRPC7	LABEL	Q9HCX4
TRPM2	LABEL	O94759
TRPM3	LABEL	Q9HCF6
TRPM4	LABEL	Q8TD43
TRPM5	LABEL	Q9NZQ8
TRPM6	LABEL	Q9BX84
TRPM7	LABEL	Q96QT4
TRPM8	LABEL	Q7Z2W7
TRPV1	LABEL	Q8NER1
TRPV2	LABEL	Q9Y5S1
TRPV3	LABEL	Q8NET8
TRPV4	LABEL	Q9HBA0
TRPV5	LABEL	Q9NQA5
TRPV6	LABEL	Q9H1D0
TSPO	LABEL	P30536
TSSK1B	LABEL	Q9BXA7
TSTA3	LABEL	Q13630
TTK	LABEL	P33981
TTR	LABEL	P02766
TUBA1A	LABEL	Q71U36
TUBA1B	LABEL	P68363
TUBA1C	LABEL	Q9BQE3
TUBA3C	LABEL	P0DPH7
TUBA3D	LABEL	P0DPH8
TUBA3E	LABEL	Q6PEY2
TUBA4A	LABEL	P68366
TUBB	LABEL	P07437
TUBB1	LABEL	Q9H4B7
TUBB2A	LABEL	Q13885
TUBB2B	LABEL	Q9BVA1
TUBB3	LABEL	Q13509
TUBB4A	LABEL	P04350
TUBB4B	LABEL	P68371
TUBB6	LABEL	Q9BUF5
TUBB8	LABEL	Q3ZCM7
TUBD1	LABEL	Q9UJT1
TUBE1	LABEL	Q9UJT0
TUBG1	LABEL	P23258
TXK	LABEL	P42681
TXN	LABEL	P10599
TXNDC12	LABEL	O95881
TXNRD1	LABEL	Q16881
TYK2	LABEL	P29597
TYMP	LABEL	P19971
TYMS	LABEL	P04818
TYR	LABEL	P14679
TYRO3	LABEL	Q06418
UBA3	LABEL	Q8TBC4
UBE2N	LABEL	P61088
UCHL5	LABEL	Q9Y5K5
UCK2	LABEL	Q9BZX2
UCKL1	LABEL	Q9NWZ5
UCP1	LABEL	P25874
UCP2	LABEL	P55851
UCP3	LABEL	P55916
UGCG	LABEL	Q16739
UGDH	LABEL	O60701
UGT1A1	LABEL	P22309
UGT1A6	LABEL	P19224
UGT1A9	LABEL	O60656
UGT3A1	LABEL	Q6NUS8
USP1	LABEL	O94782
USP10	LABEL	Q14694
USP13	LABEL	Q92995
USP14	LABEL	P54578
USP2	LABEL	O75604
USP7	LABEL	Q93009
USP9X	LABEL	Q93008
UTRN	LABEL	P46939
UTS2R	LABEL	Q9UKP6
VCAM1	LABEL	P19320
VCAN	LABEL	P13611
VCP	LABEL	P55072
VDAC2	LABEL	P45880
VDR	LABEL	P11473
VEGFA	LABEL	P15692
VKORC1	LABEL	Q9BQB6
VKORC1L1	LABEL	Q8N0U8
VWF	LABEL	P04275
WARS	LABEL	P23381
WARS2	LABEL	Q9UGM6
WASL	LABEL	O00401
WDR5	LABEL	P61964
WEE1	LABEL	P30291
WNT5A	LABEL	P41221
WWP1	LABEL	Q9H0M0
XDH	LABEL	P47989
XIAP	LABEL	P98170
XPO1	LABEL	O14980
YARS	LABEL	P54577
YARS2	LABEL	Q9Y2Z4
YES1	LABEL	P07947
ZACN	LABEL	Q401N2
ZNF215	LABEL	Q9UL58
